first name, last name, email, message,date
dfdf,fqsfq,s.salem@niv.com,sdsqd,2021-12-05 14:05:13.888889
dfdfxx,fqsfqdxx,saiftony5@gmail.com,swalOverlay,2021-12-05 14:15:44.627630
dfdfxxsdqs,fqsfqdxxsdsq,saiftony5@gmail.com,swalOverlaysdss,2021-12-05 14:20:58.969333
dfdfxxsdqs,fqsfqdxxsdsq,saiftony5@gmail.com,swalOverlaysdss,2021-12-05 14:21:15.256079
dfdfxxsdqs,fqsfqdxxsdsq,saiftony5@gmail.com,swalOverlaysdss,2021-12-05 14:21:29.849004
dsqdsq,sqdsq,saiftony5@gmail.com,sqdsqd,2021-12-05 14:30:09.144948
dsqdsq,sqdsq,saiftony5@gmail.com,sqdsqdhh,2021-12-05 14:33:52.054732
dsqdsq,sqdsq,saiftony5@gmail.com,sqdsqdhhss,2021-12-05 14:36:08.634120
dsqdsq,sqdsq,saiftony5@gmail.com,sqdsqdhhsswc,2021-12-05 14:47:19.588078
dsqdsq,sqdsq,saiftony5@gmail.com,sqdsqdhhsswc,2021-12-05 14:47:35.570876
dsqdsq,sqdsq,saiftony5@gmail.com,sqdsqdhhsswc,2021-12-05 14:47:55.261975
dsqdsq,sqdsq,saiftony5@gmail.com,sqdsqdhhsswc,2021-12-05 14:51:33.037088
dsqdsq,sqdsq,saiftony5@gmail.com,sqdsqdhhsswc,2021-12-05 14:57:41.261521
dsqdsqgg,sqdsqgg,saiftony5@gmail.com,sqdsqdhhsswcyg,2021-12-05 14:57:58.924291
dsqdsqgg,sqdsqgg,saiftony5@gmail.com,sqdsqdhhsswcyg,2021-12-05 14:58:50.364410
dsqdsqggdsf,sqdsqggfdsf,safdsfsdfiftony5@gmail.com,sqdsqdhhsswcyfdsdfsdg,2021-12-05 14:59:11.517312
fqsdfqsf,qsf,saiftony5@gmail.com,sdqs,2021-12-05 15:00:31.008133
fqsdfqsf,qsf,saiftony5@gmail.com,sdqssssssd,2021-12-05 15:00:52.013450
fqsdfqsf,qsf,saiftony5@gmail.com,sdqssssssds,2021-12-05 15:02:18.643806
fqsdfqsf,qsf,saiftony5@gmail.com,sdqssssssdsd,2021-12-05 15:02:39.424981
fqsdfqsf,qsf,saiftony5@gmail.com,sdqssssssdsd,2021-12-05 15:03:36.115853
fqsdfqsf,qsf,saiftony5@gmail.com,sdqssssssdsds,2021-12-05 15:03:58.407200
fqsdfqsf,qsf,saiftony5@gmail.com,sdqssssssdsdsdsd,2021-12-05 15:04:24.347905
fqsdfqsf,qsf,saiftony5@gmail.com,sdqssssssdsdsdsd,2021-12-05 15:14:43.984975
gfd,gfgd,s.salem@univ.com,dfdsf,2021-12-05 15:15:42.377067
gfd,gfgd,s.salem@univ.com,dfdsf,2021-12-05 15:16:08.420340
gfd,gfgd,s.salem@univ.com,dfdsf,2021-12-05 15:16:21.925361
sadszd,sdsqd,saiftony5@gmail.com,sdsqdqs,2021-12-05 15:33:33.129202
sadszd,sdsqd,saiftony5@gmail.com,sdsqdqs,2021-12-05 15:34:56.870272
sadszd,sdsqd,saiftony5@gmail.com,sdsqdqs,2021-12-05 15:36:01.691887
sadszddssq,sdsqdsdsq,moncefovi@yahoo.fr,sdsqdqssdsq,2021-12-05 15:37:01.025587
sadszddssq,sdsqdsdsq,saiftony5@gmail.com,sdsqdqssdsqss,2021-12-05 15:51:45.880572
csqsds,sdqsdwxwjyg,saiftony5@gmail.com,azdqzsddd,2021-12-05 15:53:28.228384
dsfsd,DFSDF,saiftony5@gmail.com,dfsdfdfd,2021-12-05 15:54:31.869069
salemwxwcx,dsqdsq,saiftony5@gmail.com,sdsqd,2021-12-05 15:55:40.850862
dsdqs,sdsqd,saiftony5@gmail.com,dsqdqs,2021-12-05 15:56:31.454496
sqsdqsd,sdqsd,safdsfsdfiftony5@gmail.com,sdqsd,2021-12-05 15:57:07.460673
sdsdsq,sdsqdSDS,saiftony5@gmail.com,dsqd,2021-12-05 15:58:10.232816
salem,sdsq,saiftony5@gmail.com,dsqd,2021-12-05 15:58:58.150267
sqcdsf,dfsd,saiftony5@gmail.com,sdqdsqdsq,2021-12-05 17:51:41.171781
dfsdf,fdsfsd,saiftony5@gmail.com,dsqdqsd,2021-12-05 17:52:30.341686
dfsdg,dfdsf,dfsd@usz.com,fdsfds,2021-12-05 17:52:41.874287
